S No,Abbreviation,Country,Continent,Population,Land Area Km2,GDP,Life expectancy,Agricultural Land,Agricultural Land Per,Urban_population,Armed Forces size,Density Pkm2,Forest Area Per,Fertility Rate,Birth Rate,Unemployment rate,Co2-Emissions,CPI,CPI Change Per,Gasoline Price,Gross primary education enrollment Per,Gross tertiary education enrollment Per,Infant mortality,Maternal mortality ratio,Minimum wage,Out of pocket health expenditure,Physicians per thousand,Population: Labor force participation Per,Tax revenue Per,Total tax rate,Latitude,Longitude,Currency-Code,Calling Code,Capital/Major City,Largest city,Official language,Co2 per km2
1,AF,Afghanistan,Asia,38041754,652230,19101353833,64.5,378945.6,58.1,9797273,323000,60,2.1,4.47,32.49,0.1112,8672,149.9,0.023,$0.70 ,1.04,0.097,47.9,638,$0.43 ,0.784,0.28,0.489,0.093,0.714,33.93911,67.709953,AFN,93,Kabul,Kabul,Pashto,0.01
2,AL,Albania,Europe,2854191,28748,15278077447,78.5,12390.4,43.1,1747593,9000,105,28.1,1.62,11.78,0.1233,4536,119.05,0.014,$1.36 ,1.07,0.55,7.8,15,$1.12 ,0.569,1.2,0.557,0.186,0.366,41.153332,20.168331,ALL,355,Tirana,Tirana,Albanian,0.16
3,DZ,Algeria,Africa,43053054,2381741,169988236398,76.7,414422.9,17.4,31510100,317000,18,0.8,3.02,24.28,0.117,150006,151.36,0.02,$0.28 ,1.099,0.514,20.1,112,$0.95 ,0.281,1.72,0.412,0.372,0.661,28.033886,1.659626,DZD,213,Algiers,Algiers,Arabic,0.06
4,AD,Andorra,Europe,77142,468,3154057987,83.0,187.2,40,67873,,164,34,1.27,7.2,,469,,,$1.51 ,1.064,,2.7,,$6.63 ,0.364,3.33,,,,42.506285,1.521801,EUR,376,Andorra la Vella,Andorra la Vella,Catalan,1
5,AO,Angola,Africa,31825295,1246700,94635415870,60.8,592182.5,47.5,21061025,117000,26,46.3,5.52,40.73,0.0689,34693,261.73,0.171,$0.97 ,1.135,0.093,51.6,241,$0.71 ,0.334,0.21,0.775,0.092,0.491,-11.202692,17.873887,AOA,244,Luanda,Luanda,Portuguese,0.03
6,AG,Antigua and Barbuda,North America,97118,443,1727759259,76.9,90.8,20.5,23800,0,223,22.3,1.99,15.33,,557,113.81,0.012,$0.99 ,1.05,0.248,5,42,$3.04 ,0.243,2.76,,0.165,0.43,17.060816,-61.796428,XCD,1,"St. John's, Saint John","St. John's, Saint John",English,1.26
7,AR,Argentina,South America,44938712,2780400,449663446954,76.5,1509757.2,54.3,41339571,105000,17,9.8,2.26,17.02,0.0979,201348,232.75,0.535,$1.10 ,1.097,0.9,8.8,39,$3.35 ,0.176,3.96,0.613,0.101,1.063,-38.416097,-63.616672,ARS,54,Buenos Aires,Buenos Aires,Spanish,0.07
8,AM,Armenia,Asia,2957731,29743,13672802158,74.9,17518.6,58.9,1869848,49000,104,11.7,1.76,13.99,0.1699,5156,129.18,0.014,$0.77 ,0.927,0.546,11,26,$0.66 ,0.816,4.4,0.556,0.209,0.226,40.069099,45.038189,AMD,374,Yerevan,Yerevan,Armenian,0.17
9,AU,Australia,Australia,25766605,7741220,1392680589329,82.7,3731268.0,48.2,21844756,58000,3,16.3,1.74,12.6,0.0527,375908,119.8,0.016,$0.93 ,1.003,1.131,3.1,6,$13.59 ,0.196,3.68,0.655,0.23,0.474,-25.274398,133.775136,AUD,61,Canberra,Sydney,None,0.05
10,AT,Austria,Europe,8877067,83871,446314739528,81.6,27174.2,32.4,5194416,21000,109,46.9,1.47,9.7,0.0467,61448,118.06,0.015,$1.20 ,1.031,0.851,2.9,5,,0.179,5.17,0.607,0.254,0.514,47.516231,14.550072,EUR,43,Vienna,Vienna,German,0.73
11,AZ,Azerbaijan,Asia,10023318,86600,39207000000,72.9,49968.2,57.7,5616165,82000,123,14.1,1.73,14,0.0551,37620,156.32,0.026,$0.56 ,0.997,0.277,19.2,26,$0.47 ,0.786,3.45,0.665,0.13,0.407,40.143105,47.576927,AZN,994,Baku,Baku,Azerbaijani language,0.43
12,BH,Bahrain,Asia,1501635,765,38574069149,77.2,84.9,11.1,1467109,19000,2239,0.8,1.99,13.99,0.0071,31694,117.59,0.021,$0.43 ,0.994,0.505,6.1,14,,0.251,0.93,0.734,0.042,0.138,26.0667,50.5577,BHD,973,Manama,Riffa,Arabic,41.43
13,BD,Bangladesh,Asia,167310838,148460,302571254131,72.3,104812.8,70.6,60987417,221000,1265,11,2.04,18.18,0.0419,84246,179.68,0.056,$1.12 ,1.165,0.206,25.1,173,$0.51 ,0.718,0.58,0.59,0.088,0.334,23.684994,90.356331,BDT,880,Dhaka,Dhaka,Bengali,0.57
14,BB,Barbados,North America,287025,430,5209000000,79.1,100.2,23.3,89431,1000,668,14.7,1.62,10.65,0.1033,1276,134.09,0.041,$1.81 ,0.994,0.654,11.3,27,$3.13 ,0.452,2.48,0.652,0.275,0.356,13.193887,-59.543198,BBD,1,Bridgetown,Bridgetown,English,2.97
15,BY,Belarus,Europe,9466856,207600,63080457023,74.2,87192.0,42,7482982,155000,47,42.6,1.45,9.9,0.0459,58280,,0.056,$0.60 ,1.005,0.874,2.6,2,$1.49 ,0.345,5.19,0.641,0.147,0.533,53.709807,27.953389,BYN,375,Minsk,Minsk,Russian,0.28
16,BE,Belgium,Europe,11484055,30528,529606710418,81.6,13615.5,44.6,11259082,32000,383,22.6,1.62,10.3,0.0559,96889,117.11,0.014,$1.43 ,1.039,0.797,2.9,5,$10.31 ,0.176,3.07,0.536,0.24,0.554,50.503887,4.469936,EUR,32,City of Brussels,Brussels,French,3.17
17,BZ,Belize,North America,390353,22966,1879613600,74.5,1607.6,7,179039,2000,17,59.7,2.31,20.79,0.0641,568,105.68,-0.009,$1.13 ,1.117,0.247,11.2,36,$1.65 ,0.227,1.12,0.651,0.263,0.311,17.189877,-88.49765,BZD,501,Belmopan,Belize City,English,0.02
18,BJ,Benin,Africa,11801151,112622,14390709095,61.5,37503.1,33.3,5648149,12000,108,37.8,4.84,36.22,0.0223,6476,110.71,-0.009,$0.72 ,1.22,0.123,60.5,397,$0.39 ,0.405,0.08,0.709,0.108,0.489,9.30769,2.315834,XOF,229,Porto-Novo,Cotonou,French,0.06
19,BT,Bhutan,Asia,727145,38394,2446674101,71.5,5221.6,13.6,317538,6000,20,72.5,1.98,17.26,0.0234,1261,167.18,0.027,$0.98 ,1.001,0.156,24.8,183,$0.32 ,0.198,0.42,0.667,0.16,0.353,27.514162,90.433601,,975,Thimphu,Thimphu,Dzongkha,0.03
20,BO,Bolivia,South America,11513100,1098581,40895322865,71.2,382306.2,34.8,8033035,71000,11,50.3,2.73,21.75,0.035,21606,148.32,0.018,$0.71 ,0.982,,21.8,155,$1.36 ,0.259,1.59,0.718,0.17,0.837,-16.290154,-63.588653,BOB,591,Sucre,Santa Cruz de la Sierra,Spanish,0.02
21,BA,Bosnia and Herzegovina,Europe,3301000,51197,20047848435,77.3,22065.9,43.1,1605144,11000,64,42.7,1.27,8.11,0.1842,21848,104.9,0.006,$1.05 ,,0.233,5,10,$1.04 ,0.286,2.16,0.464,0.204,0.237,43.915886,17.679076,BAM,387,Sarajevo,Tuzla Canton,Bosnian,0.43
22,BW,Botswana,Africa,2346179,581730,18340510789,69.3,265268.9,45.6,1616550,9000,4,18.9,2.87,24.82,0.1819,6340,149.75,0.028,$0.71 ,1.032,0.249,30,144,$0.29 ,0.053,0.37,0.708,0.195,0.251,-22.328474,24.684866,BWP,267,Gaborone,Gaborone,English,0.01
23,BR,Brazil,South America,212559417,8515770,1839758040766,75.7,2886846.0,33.9,183241641,730000,25,58.9,1.73,13.92,0.1208,462299,167.4,0.037,$1.02 ,1.154,0.513,12.8,60,$1.53 ,0.283,2.15,0.639,0.142,0.651,-14.235004,-51.92528,BRL,55,Bras���,S����,Portuguese,0.05
24,BN,Brunei,Asia,433285,5765,13469422941,75.7,155.7,2.7,337711,8000,83,72.1,1.85,14.9,0.0912,7664,99.03,-0.004,$0.37 ,1.032,0.314,9.8,31,,0.06,1.61,0.647,,0.08,4.535277,114.727669,BND,673,Bandar Seri Begawan,,Malay,1.33
25,BG,Bulgaria,Europe,6975761,110879,86000000000,74.9,51337.0,46.3,5256027,31000,64,35.4,1.56,8.9,0.0434,41708,114.42,0.031,$1.11 ,0.893,0.71,5.9,10,$1.57 ,0.477,4.03,0.554,0.202,0.283,42.733883,25.48583,BGN,359,Sofia,Sofia,Bulgarian,0.38
26,BF,Burkina Faso,Africa,20321378,274200,15745810235,61.2,121196.4,44.2,6092349,11000,76,19.3,5.19,37.93,0.0626,3418,106.58,-0.032,$0.98 ,0.961,0.065,49,320,$0.34 ,0.361,0.08,0.664,0.15,0.413,12.238333,-1.561593,XOF,226,Ouagadougou,Ouagadougou,French,0.01
27,BI,Burundi,Africa,11530580,27830,3012334882,61.2,22041.4,79.2,1541177,31000,463,10.9,5.41,39.01,0.0143,495,182.11,-0.007,$1.21 ,1.214,0.061,41,548,,0.191,0.1,0.792,0.136,0.412,-3.373056,29.918886,BIF,257,Bujumbura,Bujumbura,Kirundi,0.02
28,KH,Cambodia,Asia,16486542,181035,27089389787,69.6,55939.8,30.9,3924621,191000,95,52.9,2.5,22.46,0.0068,9919,127.63,0.025,$0.90 ,1.074,0.137,24,160,,0.594,0.17,0.823,0.171,0.231,12.565679,104.990963,,855,Phnom Penh,Phnom Penh,Khmer language,0.05
29,CM,Cameroon,Africa,25876380,475440,38760467033,58.9,97940.6,20.6,14741256,24000,56,39.3,4.57,35.39,0.0338,8291,118.65,0.025,$1.03 ,1.034,0.128,50.6,529,$0.35 ,0.697,0.09,0.761,0.128,0.577,7.369722,12.354722,XAF,237,Yaound�,Douala,French,0.02
30,CA,Canada,North America,36991981,9984670,1736425629520,81.9,688942.2,6.9,30628482,72000,4,38.2,1.5,10.1,0.0556,544894,116.76,0.019,$0.81 ,1.009,0.689,4.3,10,$9.51 ,0.146,2.61,0.651,0.128,0.245,56.130366,-106.346771,CAD,1,Ottawa,Toronto,French,0.05
31,CV,Cape Verde,Africa,483628,4033,1981845741,72.8,790.5,19.6,364029,1000,138,22.5,2.27,19.49,0.1225,543,110.5,0.011,$1.02 ,1.04,0.236,16.7,58,$0.68 ,0.232,0.77,0.605,0.201,0.375,16.5388,-23.0418,CVE,238,Praia,Praia,Portuguese,0.13
32,CF,Central African Republic,Africa,4745185,622984,2220307369,52.8,51084.7,8.2,1982064,8000,8,35.6,4.72,35.35,0.0368,297,186.86,0.371,$1.41 ,1.02,0.03,84.5,829,$0.37 ,0.396,0.06,0.72,0.086,0.733,6.611111,20.939444,,236,Bangui,Bangui,French,0
33,TD,Chad,Africa,15946876,1284000,11314951343,54.0,509748.0,39.7,3712273,35000,13,3.8,5.75,42.17,0.0189,1016,117.7,-0.01,$0.78 ,0.868,0.033,71.4,1140,$0.60 ,0.564,0.04,0.707,,0.635,15.454166,18.732207,XAF,235,N'Djamena,N'Djamena,French,0
34,CL,Chile,South America,18952038,756096,282318159745,80.0,160292.4,21.2,16610135,122000,26,24.3,1.65,12.43,0.0709,85822,131.91,0.026,$1.03 ,1.014,0.885,6.2,13,$2.00 ,0.322,2.59,0.626,0.182,0.34,-35.675147,-71.542969,CLP,56,Santiago,Santiago,Spanish,0.11
35,CN,China,Asia,1397715000,9596960,19910000000000,77.0,5393491.5,56.2,842933962,2695000,153,22.4,1.69,10.9,0.0432,9893038,125.08,0.029,$0.96 ,1.002,0.506,7.4,29,$0.87 ,0.324,1.98,0.68,0.094,0.592,35.86166,104.195397,CNY,86,Beijing,Shanghai,Standard Chinese,1.03
36,CO,Colombia,South America,50339443,1138910,323802808108,77.1,458980.7,40.3,40827302,481000,46,52.7,1.81,14.88,0.0971,97814,140.95,0.035,$0.68 ,1.145,0.553,12.2,83,$1.23 ,0.183,2.18,0.688,0.144,0.712,4.570868,-74.297333,COP,57,Bogot�,Bogot�,Spanish,0.09
37,KM,Comoros,Africa,850886,2235,1185728677,64.1,1598.0,71.5,248152,,467,19.7,4.21,31.88,0.0434,202,103.62,-0.043,,0.995,0.09,51.3,273,$0.71 ,0.748,0.27,0.433,,2.196,-11.6455,43.3333,KMF,269,"Moroni, Comoros","Moroni, Comoros",French,0.09
38,CR,Costa Rica,North America,5047561,51100,61773944174,80.1,17629.5,34.5,4041885,10000,100,54.6,1.75,13.97,0.1185,8023,128.85,0.021,$0.98 ,1.133,0.552,7.6,27,$1.84 ,0.215,2.89,0.621,0.136,0.583,9.748917,-83.753428,CRC,506,San Jos������,San Jos������,Spanish,0.16
39,HR,Croatia,Europe,4067500,56594,60415553039,78.1,15619.9,27.6,2328318,18000,73,34.4,1.47,9,0.0693,17488,109.82,0.008,$1.26 ,0.965,0.679,4,8,$2.92 ,0.152,3,0.512,0.22,0.205,45.1,15.2,HRK,385,Zagreb,Zagreb,Croatian,0.31
40,CU,Cuba,North America,11333483,110860,100023000000,78.7,66405.1,59.9,8739135,76000,106,31.3,1.62,10.17,0.0164,28284,,,$1.40 ,1.019,0.414,3.7,36,$0.05 ,,8.42,0.536,,,21.521757,-77.781167,CUP,53,Havana,Havana,Spanish,0.26
41,CY,Cyprus,Europe,1198575,9251,24564647935,80.8,1128.6,12.2,800708,16000,131,18.7,1.33,10.46,0.0727,6626,102.51,0.003,$1.23 ,0.993,0.759,1.9,6,,0.439,1.95,0.631,0.245,0.224,35.126413,33.429859,EUR,357,Nicosia,Statos�������,Greek,0.72
42,CZ,Czech Republic,Europe,10669709,78867,246489245495,79.0,35647.9,45.2,7887156,23000,139,34.6,1.69,10.7,0.0193,102218,116.48,0.028,$1.17 ,1.007,0.641,2.7,3,$3.00 ,0.148,4.12,0.606,0.149,0.461,49.817492,15.472962,CZK,420,Prague,Prague,Czech,1.3
43,CD,Democratic Republic of the Congo,Africa,86790567,2344858,47319624204,60.4,272003.5,11.6,39095679,134000,40,67.2,5.92,41.18,0.0424,2021,133.85,0.029,$1.49 ,1.08,0.066,68.2,473,$0.18 ,0.374,0.07,0.635,0.107,0.507,-4.038333,21.758664,CDF,243,Kinshasa,Kinshasa,French,0
44,DK,Denmark,Europe,5818553,43094,348078018464,81.0,26718.3,62,5119978,15000,137,14.7,1.73,10.6,0.0491,31786,110.35,0.008,$1.55 ,1.013,0.806,3.6,4,,0.137,4.01,0.622,0.324,0.238,56.26392,9.501785,DKK,45,Copenhagen,Copenhagen,Danish,0.74
45,DJ,Djibouti,Africa,973560,23200,3318716359,66.6,17028.8,73.4,758549,13000,43,0.2,2.73,21.47,0.103,620,120.25,0.033,$1.32 ,0.753,0.053,49.8,248,,0.204,0.22,0.602,,0.379,11.825138,42.590275,DJF,253,Djibouti City,Djibouti City,French,0.03
46,DM,Dominica,North America,71808,751,596033333,76.6,250.1,33.3,50830,,96,57.4,1.9,12,,180,103.87,0.01,,1.147,0.072,32.9,,$1.48 ,0.284,1.08,,0.221,0.326,15.414999,-61.370976,XCD,1,Roseau,Roseau,English,0.24
47,DO,Dominican Republic,North America,10738958,48670,88941298258,73.9,23702.3,48.7,8787475,71000,225,41.7,2.35,19.51,0.0584,25258,135.5,0.018,$1.07 ,1.057,0.599,24.1,95,$0.40 ,0.437,1.56,0.643,0.13,0.488,18.735693,-70.162651,DOP,1,Santo Domingo,Santo Domingo,Spanish,0.52
48,TL,East Timor,Asia,3500000,14874,1673540300,69.3,3807.7,25.6,400182,2000,89,45.4,4.02,29.42,0.0455,495,145.38,0.026,$1.10 ,1.153,0.178,39.3,142,$0.60 ,0.102,0.72,0.673,0.25,0.173,-8.874217,125.727539,USD,670,Dili,Dili,Portuguese,0.03
49,EC,Ecuador,South America,17373662,283561,107435665000,76.8,62950.5,22.2,11116711,41000,71,50.2,2.43,19.72,0.0397,41155,124.14,0.003,$0.61 ,1.033,0.449,12.2,59,$2.46 ,0.437,2.04,0.68,,0.344,-1.831239,-78.183406,USD,593,Quito,Quito,Spanish,0.15
50,EG,Egypt,Africa,100388073,1001450,303175127598,71.8,38055.1,3.8,42895824,836000,103,0.1,3.33,26.38,0.1076,238560,288.57,0.092,$0.40 ,1.063,0.352,18.1,37,,0.62,0.45,0.464,0.125,0.444,26.820553,30.802498,EGP,20,Cairo,Cairo,Modern Standard Arabic,0.24
51,SV,El Salvador,North America,6453553,21041,27022640000,73.1,16075.3,76.4,4694702,42000,313,12.6,2.04,18.25,0.0411,7169,111.23,0.001,$0.83 ,0.948,0.294,11.8,46,$0.50 ,0.279,1.57,0.591,0.181,0.364,13.794185,-88.89653,,503,San Salvador,San Salvador,Spanish,0.34
52,GQ,Equatorial Guinea,Africa,1355986,28051,11026774945,58.4,2833.2,10.1,984812,1000,50,55.5,4.51,33.24,0.0643,5655,124.35,0.012,,0.618,0.019,62.6,301,$1.05 ,0.72,0.4,0.62,0.061,0.794,1.650801,10.267895,XAF,240,Malabo,Malabo,Spanish,0.2
53,ER,Eritrea,Africa,6333135,117600,2065001626,65.9,88435.2,75.2,1149670,202000,35,14.9,4.06,30.3,0.0514,711,,,$2.00 ,0.684,0.034,31.3,480,,0.524,0.06,0.784,,0.837,15.179384,39.782334,ERN,291,Asmara,Asmara,Tigrinya,0.01
54,EE,Estonia,Europe,1331824,45228,31386949981,78.2,10447.7,23.1,916024,6000,31,51.3,1.59,10.9,0.0511,16590,122.14,0.023,$1.14 ,0.972,0.696,2.1,9,$3.14 ,0.228,4.48,0.636,0.209,0.478,58.595272,25.013607,EUR,372,Tallinn,Tallinn,Estonian,0.37
55,,Eswatini,Africa,1093238,17364,3791304348,52.0,0.0,0,305322,,67,0,,,,,,,,,,,,,0.113,,,0.286,,-26.522503,31.465866,,268,Mbabane,Mbabane,English,0
56,ET,Ethiopia,Oceania,112078730,1104300,96107662398,66.2,400860.9,36.3,23788710,138000,115,12.5,4.25,32.34,0.0208,14870,143.86,0.158,$0.75 ,1.01,0.081,39.1,401,,0.378,0.08,0.796,0.075,0.377,9.145,40.489673,ETB,251,Addis Ababa,Addis Ababa,Amharic,0.01
57,FM,Federated States of Micronesia,Oceania,113815,702,401932279,67.8,220.4,31.4,25963,,784,91.9,3.05,22.82,,143,112.1,0.005,,0.972,0.141,25.6,88,,0.025,0.18,,0.252,0.605,7.425554,150.550812,USD,691,Palikir,Palikir,English,0.2
58,FJ,Fiji,Europe,889953,18274,5535548972,67.3,4257.8,23.3,505048,4000,49,55.9,2.77,21.28,0.041,2046,132.3,0.018,$0.82 ,1.064,0.161,21.6,34,$1.28 ,0.214,0.84,0.576,0.242,0.321,-17.713371,178.065032,FJD,679,Suva,Suva,Fiji Hindi,0.11
59,FI,Finland,Europe,5520314,338145,268761201365,81.7,25360.9,7.5,4716888,25000,18,73.1,1.41,8.6,0.0659,45871,112.33,0.01,$1.45 ,1.002,0.882,1.4,3,,0.199,3.81,0.591,0.208,0.366,61.92411,25.748151,EUR,358,Helsinki,Helsinki,Swedish,0.14
60,FR,France,Africa,67059887,643801,2715518274227,82.5,337351.7,52.4,54123364,307000,119,31.2,1.88,11.3,0.0843,303276,110.05,0.011,$1.39 ,1.025,0.656,3.4,8,$11.16 ,0.068,3.27,0.551,0.242,0.607,46.227638,2.213749,EUR,33,Paris,Paris,French,0.47
61,GA,Gabon,Africa,2172579,267667,16657960228,66.2,53533.4,20,1949694,7000,9,90,3.97,31.61,0.2,5321,122.19,0.021,$0.92 ,1.399,0.083,32.7,252,$1.46 ,0.259,0.68,0.529,0.102,0.471,-0.803689,11.609444,XAF,241,Libreville,Libreville,French,0.02
62,GE,Georgia,Asia,3720382,69700,17743195770,73.6,24046.5,34.5,2196476,26000,57,40.6,2.06,13.47,0.144,10128,133.61,0.049,$0.76 ,0.986,0.639,8.7,25,$0.05 ,0.573,7.12,0.683,0.217,0.099,42.315407,43.356892,GEL,995,Tbilisi,Tbilisi,Georgian,0.15
63,DE,Germany,Europe,83132799,357022,3845630030824,80.9,170299.5,47.7,64324835,180000,240,32.7,1.56,9.5,0.0304,727973,112.85,0.014,$1.39 ,1.04,0.702,3.1,7,$9.99 ,0.125,4.25,0.608,0.115,0.488,51.165691,10.451526,EUR,49,Berlin,Berlin,German,2.04
64,GH,Ghana,Africa,30792608,238533,66983634224,63.8,164587.8,69,17249054,16000,137,41.2,3.87,29.41,0.0433,16670,268.36,0.072,$0.92 ,1.048,0.157,34.9,308,$0.27 ,0.361,0.14,0.678,0.126,0.554,7.946527,-1.023194,GHS,233,Accra,Accra,English,0.07
65,GR,Greece,Europe,10716322,131957,209852761469,81.3,62811.5,47.6,8507474,146000,81,31.7,1.35,8.1,0.1724,62434,101.87,0.002,$1.54 ,0.996,1.366,3.6,3,$4.46 ,0.355,5.48,0.518,0.262,0.519,39.074208,21.824312,EUR,30,Athens,Macedonia,Greek,0.47
66,GD,Grenada,North America,112003,349,1228170370,72.4,82.0,23.5,40765,,331,50,2.06,16.47,,268,107.43,0.008,$1.12 ,1.069,1.046,13.7,25,,0.57,1.41,,0.194,0.478,12.1165,-61.679,XCD,1,"St. George's, Grenada","St. George's, Grenada",English,0.77
67,GT,Guatemala,North America,16604026,108889,76710385880,74.1,39200.0,36,8540945,43000,167,32.7,2.87,24.56,0.0246,16777,142.92,0.037,$0.79 ,1.019,0.218,22.1,95,$1.60 ,0.558,0.35,0.623,0.106,0.352,15.783471,-90.230759,GTQ,502,Guatemala City,Guatemala City,Spanish,0.15
68,GN,Guinea,Africa,12771246,245857,13590281809,61.2,145055.6,59,4661505,13000,53,25.8,4.7,36.36,0.043,2996,262.95,0.095,$0.90 ,0.915,0.116,64.9,576,,0.545,0.08,0.615,0.108,0.693,9.945587,-9.696645,GNF,224,Conakry,Kankan,French,0.01
69,GW,Guinea-Bissau,Africa,1920922,36125,1340389411,58.0,20952.5,58,840922,4000,70,69.8,4.48,35.13,0.0247,293,111.65,0.014,,1.187,0.026,54,667,$0.16 ,0.372,0.13,0.72,0.103,0.455,11.803749,-15.180413,XOF,245,Bissau,Bissau,Portuguese,0.01
70,GY,Guyana,South America,782766,214969,4280443645,69.8,18487.3,8.6,208912,3000,4,83.9,2.46,19.97,0.1185,2384,116.19,0.021,$0.90 ,0.978,0.116,25.1,169,$0.98 ,0.405,0.8,0.562,,0.306,4.860416,-58.93018,GYD,592,"Georgetown, Guyana","Georgetown, Guyana",English,0.01
71,HT,Haiti,North America,11263077,27750,8498981821,63.7,18537.0,66.8,6328948,0,414,3.5,2.94,24.35,0.1378,2978,179.29,0.125,$0.81 ,1.136,0.011,49.5,480,$0.25 ,0.363,0.23,0.672,,0.427,18.971187,-72.285215,HTG,509,Port-au-Prince,Port-au-Prince,French,0.11
72,HN,Honduras,North America,9746117,112090,25095395475,75.1,32394.0,28.9,5626433,23000,89,40,2.46,21.6,0.0539,9813,150.34,0.044,$0.98 ,0.915,0.262,15.1,65,$1.01 ,0.491,0.31,0.688,0.173,0.391,15.199999,-86.241905,HNL,504,Tegucigalpa,Tegucigalpa,Spanish,0.09
73,HU,Hungary,Europe,9769949,93028,160967157504,75.8,54328.4,58.4,6999582,40000,107,22.9,1.54,9.6,0.034,45537,121.64,0.033,$1.18 ,1.008,0.485,3.6,12,$2.62 ,0.29,3.41,0.565,0.23,0.379,47.162494,19.503304,HUF,36,Budapest,Budapest,Hungarian,0.49
74,IS,Iceland,Europe,361313,103000,24188035739,82.7,19261.0,18.7,339110,0,3,0.5,1.71,12,0.0284,2065,129,0.03,$1.69 ,1.004,0.718,1.5,4,,0.17,4.08,0.75,0.233,0.319,64.963051,-19.020835,ISK,354,Reykjav��,Reykjav��,Icelandic,0.02
75,IN,India,Asia,1366417754,3287263,2611000000000,69.4,1985506.9,60.4,471031528,3031000,464,23.8,2.22,17.86,0.0536,2407672,180.44,0.077,$0.97 ,1.13,0.281,29.9,145,$0.30 ,0.651,0.86,0.493,0.112,0.497,20.593684,78.96288,INR,91,New Delhi,Kurebhar,Hindi,0.73
76,ID,Indonesia,Asia,270203917,1904569,1119190780753,71.5,599939.2,31.5,151509724,676000,151,49.9,2.31,18.07,0.0469,563325,151.18,0.03,$0.63 ,1.064,0.363,21.1,177,$0.48 ,0.483,0.43,0.675,0.102,0.301,-0.789275,113.921327,IDR,62,Jakarta,Kalimantan,Indonesian,0.3
77,IR,Iran,Asia,82913906,1648195,445345282123,76.5,464791.0,28.2,62509623,563000,52,6.6,2.14,18.78,0.1138,661710,550.93,0.399,$0.40 ,1.107,0.681,12.4,16,$1.58 ,0.397,1.58,0.447,0.074,0.447,32.427908,53.688046,IRR,98,Tehran,Tehran,Persian,0.4
78,IQ,Iraq,Asia,39309783,438317,234094042939,70.5,93799.8,21.4,27783368,209000,93,1.9,3.67,29.08,0.1282,190061,119.86,0.004,$0.61 ,1.087,0.162,22.5,79,$1.24 ,0.765,0.71,0.43,0.02,0.308,33.223191,43.679291,IQD,964,Baghdad,Baghdad,Arabic,0.43
79,IL,Israel,Asia,9053300,20770,395098666122,82.8,5109.4,24.6,8374393,178000,400,7.7,3.09,20.8,0.0386,65166,108.15,0.008,$1.57 ,1.049,0.634,3,3,$7.58 ,0.244,4.62,0.64,0.231,0.253,31.046051,34.851612,ILS,972,Jerusalem,Jerusalem,Hebrew,3.14
80,IT,Italy,Europe,60297396,301340,2001244392042,82.9,130178.9,43.2,42651966,347000,206,31.8,1.29,7.3,0.0989,320411,110.62,0.006,$1.61 ,1.019,0.619,2.6,2,,0.228,3.98,0.496,0.243,0.591,41.87194,12.56738,EUR,39,Rome,Rome,Italian,1.06
81,CI,Ivory Coast,Africa,25716544,322463,58792205642,57.4,208956.0,64.8,13176900,27000,83,32.7,4.65,35.74,0.0332,9674,111.61,-0.009,$0.93 ,0.998,0.093,59.4,617,$0.36 ,0.36,0.23,0.57,0.118,0.501,7.539989,-5.54708,XOF,225,Yamoussoukro,Abidjan,French,0.03
82,JM,Jamaica,North America,2948279,10991,16458071068,74.4,4506.3,41,1650594,4000,273,30.9,1.98,16.1,0.08,8225,162.47,0.039,$1.11 ,0.91,0.271,12.4,80,$1.33 ,0.237,1.31,0.66,0.268,0.351,18.109581,-77.297508,JMD,1876,"Kingston, Jamaica","Kingston, Jamaica",Jamaican English,0.75
83,JP,Japan,Asia,126226568,377944,5081769542380,84.2,46487.1,12.3,115782416,261000,347,68.5,1.42,7.4,0.0229,1135886,105.48,0.005,$1.06 ,0.988,0.632,1.8,5,$6.77 ,0.131,2.41,0.617,0.119,0.467,36.204824,138.252924,,81,Tokyo,Tokyo,None,3.01
84,JO,Jordan,Asia,10101694,89342,43743661972,74.4,10721.0,12,9213048,116000,115,1.1,2.76,21.98,0.1472,25108,125.6,0.008,$1.10 ,0.815,0.344,13.9,46,$1.49 ,0.251,2.32,0.393,0.151,0.286,30.585164,36.238414,JOD,962,Amman,Amman,Arabic,0.28
85,KZ,Kazakhstan,Asia,18513930,2724900,180161741180,73.2,2190819.6,80.4,10652915,71000,7,1.2,2.84,21.77,0.0459,247207,182.75,0.052,$0.42 ,1.044,0.617,8.8,10,$0.41 ,0.388,3.25,0.688,0.117,0.284,48.019573,66.923684,KZT,7,Astana,Almaty,Russian,0.09
86,KE,Kenya,Africa,52573973,580367,95503088538,66.3,281478.0,48.5,14461523,29000,94,7.8,3.49,28.75,0.0264,17910,180.51,0.047,$0.95 ,1.032,0.115,30.6,342,$0.25 ,0.334,0.16,0.747,0.151,0.372,-0.023559,37.906193,KES,254,Nairobi,Nairobi,Swahili,0.03
87,KI,Kiribati,Oceania,117606,811,194647202,68.1,340.6,42,64489,,147,15,3.57,27.89,,66,99.55,0.006,,1.013,,41.2,92,,0.002,0.2,,0.22,0.327,1.836898,-157.376832,AUD,686,South Tarawa,South Tarawa,English,0.08
88,KW,Kuwait,Asia,4207083,17818,134761198946,75.4,1496.7,8.4,4207083,25000,240,0.4,2.08,13.94,0.0218,98734,126.6,0.011,$0.35 ,0.924,0.544,6.7,12,$0.95 ,0.144,2.58,0.735,0.014,0.13,29.31166,47.481766,KWD,965,Kuwait City,Kuwait City,Modern Standard Arabic,5.54
89,KG,Kyrgyzstan,Asia,6456900,199951,8454619608,71.4,109973.1,55,2362644,21000,34,3.3,3.3,27.1,0.0633,9787,155.68,0.011,$0.56 ,1.076,0.413,16.9,60,$0.09 ,0.482,1.88,0.598,0.18,0.29,41.20438,74.766098,KGS,996,Bishkek,Bishkek,Russian,0.05
90,LA,Laos,Asia,7169455,236800,18173839128,67.6,24390.4,10.3,2555552,129000,32,82.1,2.67,23.55,0.0063,17763,135.87,0.033,$0.93 ,1.024,0.15,37.6,185,$0.83 ,0.454,0.37,0.785,0.129,0.241,19.85627,102.495496,LAK,856,Vientiane,Vientiane,Lao,0.08
91,LV,Latvia,Europe,1912789,64589,34117202555,74.7,20087.2,31.1,1304943,6000,30,54,1.6,10,0.0652,7004,116.86,0.028,$1.16 ,0.994,0.881,3.3,19,$2.80 ,0.416,3.19,0.614,0.229,0.381,56.879635,24.603189,EUR,371,Riga,Riga,Latvian,0.11
92,LB,Lebanon,Asia,6855713,10400,53367042272,78.9,6687.2,64.3,6084994,80000,667,13.4,2.09,17.55,0.0623,24796,130.02,0.03,$0.74 ,0.951,0.263,6.4,29,$2.15 ,0.321,2.1,0.47,0.153,0.322,33.854721,35.862285,LBP,961,Beirut,"Tripoli, Lebanon",Arabic,2.38
93,LS,Lesotho,Africa,2125268,30355,2460072444,53.7,23555.5,77.6,607508,2000,71,1.6,3.14,26.81,0.2341,2512,155.86,0.052,$0.70 ,1.209,0.102,65.7,544,$0.41 ,0.169,0.07,0.679,0.316,0.136,-29.609988,28.233608,,266,Maseru,Maseru,English,0.08
94,LR,Liberia,Africa,4937374,111369,3070518100,63.7,31183.3,28,2548426,2000,53,43.1,4.32,33.04,0.0281,1386,223.13,0.236,$0.80 ,0.851,0.119,53.5,661,$0.17 ,0.196,0.04,0.763,0.129,0.462,6.428055,-9.429499,,231,Monrovia,Monrovia,English,0.01
95,LY,Libya,Africa,6777452,1759540,52076250948,72.7,153080.0,8.7,5448597,0,4,0.1,2.24,18.83,0.1856,50564,125.71,0.026,$0.11 ,1.09,0.605,10.2,72,$1.88 ,0.367,2.09,0.497,,0.326,26.3351,17.228331,LYD,218,,,Arabic,0.03
96,LI,Liechtenstein,Europe,38019,160,6552858739,83.0,51.5,32.2,5464,,238,43.1,1.44,9.9,,51,,,$1.74 ,1.047,0.356,,,,,,,,0.216,47.141039,9.520935,CHF,423,Vaduz,Schaan,German,0.32
97,LT,Lithuania,Europe,2786844,65300,54219315600,75.7,30821.6,47.2,1891013,34000,43,34.8,1.63,10,0.0635,12963,118.38,0.023,$1.16 ,1.039,0.724,3.3,8,$2.41 ,0.321,6.35,0.616,0.169,0.426,55.169438,23.881275,EUR,370,Vilnius,Vilnius,Lithuanian,0.2
98,LU,Luxembourg,Europe,645397,2586,71104919108,82.1,1388.7,53.7,565488,2000,242,35.7,1.37,10.3,0.0536,8988,115.09,0.017,$1.19 ,1.023,0.192,1.9,5,$13.05 ,0.106,3.01,0.593,0.265,0.204,49.815273,6.129583,EUR,352,Luxembourg City,Luxembourg City,Luxembourgish,3.48
99,MG,Madagascar,Africa,26969307,587041,14083906357,66.7,417973.2,71.2,10210849,22000,48,21.4,4.08,32.66,0.0176,3905,184.33,0.056,$1.11 ,1.425,0.054,38.2,335,$0.21 ,0.217,0.18,0.861,0.102,0.383,-18.766947,46.869107,MGA,261,Antananarivo,Antananarivo,French,0.01
100,MW,Malawi,Africa,18628747,118484,7666704427,63.8,72749.2,61.4,3199301,15000,203,33.2,4.21,34.12,0.0565,1298,418.34,0.094,$1.15 ,1.425,0.008,35.3,349,$0.12 ,0.11,0.04,0.767,0.173,0.345,-13.254308,34.301525,MWK,265,Lilongwe,Lilongwe,English,0.01
101,MY,Malaysia,Asia,32447385,329847,364701517788,76.0,86749.8,26.3,24475766,136000,99,67.6,2,16.75,0.0332,248289,121.46,0.007,$0.45 ,1.053,0.451,6.7,29,$0.93 ,0.367,1.51,0.643,0.12,0.387,4.210484,101.975766,MYR,60,Kuala Lumpur,Johor Bahru,Malaysian language,0.75
102,MV,Maldives,Asia,530953,298,5729248472,78.6,78.4,26.3,213645,5000,1802,3.3,1.87,14.2,0.0614,1445,99.7,0.002,$1.63 ,0.971,0.312,7.4,53,,0.164,4.56,0.698,0.195,0.302,3.202778,73.22068,,960,Mal�,Mal�,Divehi,4.85
103,ML,Mali,Africa,19658031,1240192,17510141171,58.9,419184.9,33.8,8479688,18000,17,3.8,5.88,41.54,0.0722,3179,108.73,-0.017,$1.12 ,0.756,0.045,62,562,$0.23 ,0.463,0.13,0.708,0.116,0.545,17.570692,-3.996166,XOF,223,Bamako,Bamako,French,0
104,MT,Malta,Europe,502653,316,14786156563,82.3,102.4,32.4,475902,2000,1380,1.1,1.23,9.2,0.0347,1342,113.45,0.016,$1.36 ,1.05,0.543,6.1,6,$5.07 ,0.371,2.86,0.565,0.262,0.44,35.937496,14.375416,EUR,356,Valletta,Birkirkara,Maltese,4.25
105,MH,Marshall Islands,Oceania,58791,181,221278000,65.2,115.7,63.9,45514,,329,70.2,4.05,29.03,,143,,,$1.44 ,0.847,0.237,27.4,,$2.00 ,0.1,0.42,,0.178,0.659,7.131474,171.184478,USD,692,Majuro,Majuro,Marshallese,0.79
106,MR,Mauritania,Africa,4525696,1030700,7593752450,64.7,396819.5,38.5,2466821,21000,5,0.2,4.56,33.69,0.0955,2739,135.02,0.023,$1.13 ,0.999,0.05,51.5,766,$0.53 ,0.482,0.19,0.459,,0.67,21.00789,-10.940835,MRU,222,Nouakchott,Nouakchott,Arabic,0
107,MU,Mauritius,Africa,1265711,2040,14180444557,74.4,865.0,42.4,515980,3000,626,19,1.41,10.2,0.0667,4349,129.91,0.004,$1.12 ,1.011,0.406,13.6,61,$0.38 ,0.507,2.53,0.583,0.191,0.222,-20.348404,57.552152,MUR,230,Port Louis,Port Louis,French,2.13
108,MX,Mexico,North America,126014024,1964375,1258286717125,75.0,1072548.8,54.6,102626859,336000,66,33.9,2.13,17.6,0.0342,486406,141.54,0.036,$0.73 ,1.058,0.402,11,33,$0.49 ,0.414,2.38,0.607,0.131,0.551,23.634501,-102.552784,MXN,52,Mexico City,Mexico City,None,0.25
109,MD,Moldova,Europe,2657637,33851,11955435457,71.8,25117.4,74.2,1135502,7000,123,12.6,1.26,10.1,0.0547,5115,166.2,0.048,$0.80 ,0.906,0.398,13.6,19,$0.31 ,0.462,3.21,0.431,0.177,0.387,47.411631,28.369885,MDL,373,Chi����,Chi����,Romanian,0.15
110,MC,Monaco,Europe,38964,2,7184844193,87.0,0.0,0,38964,,19482,0,,5.9,,,,,$2.00 ,,,2.6,,$11.72 ,0.061,6.56,,,,43.738418,7.424616,EUR,377,Monaco City,Monaco City,French,0
111,MN,Mongolia,Asia,3225167,1564116,13852850259,69.7,1118342.9,71.5,2210626,18000,2,8,2.9,24.13,0.0601,25368,195.76,0.073,$0.72 ,1.04,0.656,14,45,$0.65 ,0.393,2.86,0.597,0.168,0.257,46.862496,103.846656,MNT,976,Ulaanbaatar,Ulaanbaatar,Mongolian,0.02
112,ME,Montenegro,Europe,622137,13812,5494736901,76.8,2624.3,19,417765,12000,47,61.5,1.75,11.73,0.1488,2017,116.32,0.026,$1.16 ,1,0.561,2.3,6,$1.23 ,0.318,2.76,0.544,,0.222,42.708678,19.37439,EUR,382,Podgorica,Podgorica,Montenegrin language,0.15
113,MA,Morocco,Africa,36910560,446550,118725279596,76.5,305886.8,68.5,22975026,246000,83,12.6,2.42,18.94,0.0902,61276,111.07,0.002,$0.99 ,1.139,0.359,19.2,70,$1.60 ,0.531,0.73,0.453,0.219,0.458,31.791702,-7.09262,MAD,212,Rabat,Casablanca,Arabic,0.14
114,MZ,Mozambique,Africa,30366036,799380,14934159926,60.2,507606.3,63.5,11092106,11000,40,48,4.85,37.52,0.0324,7943,182.31,0.028,$0.65 ,1.126,0.073,54,289,$0.27 ,0.068,0.08,0.781,0,0.361,-18.665695,35.529562,MZN,258,Maputo,Maputo,Portuguese,0.01
115,MM,Myanmar,Asia,54045420,676578,76085852617,66.9,131932.7,19.5,16674093,513000,83,43.6,2.15,17.55,0.0158,25280,168.18,0.088,$0.54 ,1.123,0.188,36.8,250,$0.39 ,0.739,0.68,0.617,0.054,0.312,21.916221,95.955974,MMK,95,Naypyidaw,Yangon,Burmese,0.04
116,,Namibia,Africa,2494530,824292,12366527719,63.4,388241.5,47.1,1273258,16000,3,8.3,3.4,28.64,0.2027,4228,157.97,0.037,$0.76 ,1.242,0.229,29,195,,0.083,0.42,0.595,0.271,0.207,-22.95764,18.49041,,264,Windhoek,Windhoek,English,0.01
117,NR,Nauru,Oceania,10084,21,133000000,62.0,0.0,0,"12,868",,541,0,,,,,,,,,,,,,,,,,,-0.522778,166.931503,AUD,674,Yaren District,,English,0
118,NP,Nepal,Asia,28608710,147181,30641380604,70.5,42240.9,28.7,5765513,112000,203,25.4,1.92,19.89,0.0141,9105,188.73,0.056,$0.91 ,1.421,0.124,26.7,186,$0.36 ,0.604,0.75,0.838,0.207,0.418,28.394857,84.124008,NPR,977,Kathmandu,Kathmandu,Nepali,0.06
119,NL,Netherlands,Europe,17332850,41543,909070395161,81.8,22142.4,53.3,15924729,41000,508,11.2,1.59,9.7,0.032,170780,115.91,0.026,$1.68 ,1.042,0.85,3.3,5,$10.29 ,0.123,3.61,0.636,0.23,0.412,52.132633,5.291266,,31,Amsterdam,Amsterdam,Dutch,4.11
120,NZ,New Zealand,Australia,4841000,268838,206928765544,81.9,108879.4,40.5,4258860,9000,18,38.6,1.71,11.98,0.0407,34382,114.24,0.016,$1.40 ,1,0.82,4.7,9,$11.49 ,0.126,3.59,0.699,0.29,0.346,-40.900557,174.885971,NZD,64,Wellington,Auckland,English,0.13
121,NI,Nicaragua,North America,6545502,130370,12520915291,74.3,54885.8,42.1,3846137,12000,55,25.9,2.4,20.64,0.0684,5592,162.74,0.054,$0.91 ,1.206,0.174,15.7,98,$0.54 ,0.36,0.98,0.664,0.156,0.606,12.865416,-85.207229,NIO,505,Managua,Managua,Spanish,0.04
122,NE,Niger,Africa,23310715,1267000,12928145120,62.0,457387.0,36.1,3850231,10000,19,0.9,6.91,46.08,0.0047,2017,109.32,-0.025,$0.88 ,0.747,0.044,48,509,$0.29 ,0.523,0.04,0.72,0.118,0.472,17.607789,8.081666,XOF,227,Niamey,Niamey,French,0
123,NG,Nigeria,Africa,200963599,923768,448120428859,54.3,717767.7,77.7,102806948,215000,226,7.2,5.39,37.91,0.081,120369,267.51,0.114,$0.46 ,0.847,0.102,75.7,917,$0.54 ,0.722,0.38,0.529,0.015,0.348,9.081999,8.675277,NGN,234,Abuja,Lagos,English,0.13
124,KP,North Korea,Asia,25666161,120538,32100000000,72.1,26277.3,21.8,15947412,1469000,214,40.7,1.9,13.89,0.0274,28284,,,$0.58 ,1.128,0.27,13.7,89,,,3.67,0.804,,,40.339852,127.510093,KPW,850,Pyongyang,Pyongyang,Korean,0.23
125,,North Macedonia,Europe,1836713,25713,10220781069,77.0,0.0,0,,,83,0,,,,,,,,,,,,,0.356,,,,,41.608635,21.745275,MKD,389,Skopje,Skopje,Macedonian,0
126,NO,Norway,Europe,5347896,323802,403336363636,82.8,8742.7,2.7,4418218,23000,15,33.2,1.56,10.4,0.0335,41023,120.27,0.022,$1.78 ,1.003,0.82,2.1,2,,0.143,2.92,0.638,0.239,0.362,60.472024,8.468946,NOK,47,Oslo,Oslo,Norwegian,0.13
127,OM,Oman,Asia,5266535,309500,76983094928,77.6,14237.0,4.6,4250777,47000,16,0,2.89,19.19,0.0267,63457,113.53,0.001,$0.45 ,1.034,0.38,9.8,19,$4.33 ,0.064,2,0.724,0.025,0.274,21.473533,55.975413,OMR,968,Muscat,Seeb,Arabic,0.21
128,PK,Pakistan,Asia,216565318,796095,304400000000,67.1,380533.4,47.8,79927762,936000,287,1.9,3.51,28.25,0.0445,201150,182.32,0.106,$0.79 ,0.943,0.09,57.2,140,$0.69 ,0.665,0.98,0.526,0.092,0.339,30.375321,69.345116,PKR,92,Islamabad,Karachi,Urdu,0.25
129,PW,Palau,Oceania,18233,459,283994900,69.1,50.0,10.9,14491,,39,87.6,2.21,14,,224,118.17,0.013,,1.126,0.547,16.6,,$3.00 ,0.218,1.18,,0.213,0.766,7.51498,134.58252,USD,680,Ngerulmud,Koror,English,0.49
130,,Palestinian National Authority,Asia,50000000,6220,15000000000,73.0,0.0,0,,,847,0,,,,,,,,,,,,,,,,,,31.952162,35.233154,,,,,Arabic,
131,PA,Panama,North America,4246439,75420,66800800000,78.3,22927.7,30.4,2890084,26000,58,61.9,2.46,18.98,0.039,10715,122.07,-0.004,$0.74 ,0.944,0.478,13.1,52,$1.53 ,0.305,1.57,0.666,,0.372,8.537981,-80.782127,,507,Panama City,Panama City,Spanish,0.14
132,PG,Papua New Guinea,Oceania,8776109,462840,24969611435,64.3,12033.8,2.6,1162834,4000,20,74.1,3.56,27.07,0.0246,7536,155.99,0.036,$1.36 ,1.085,0.018,38,145,$1.16 ,0.058,0.07,0.472,0.136,0.371,-6.314993,143.95555,PGK,675,Port Moresby,Port Moresby,Tok Pisin,0.02
133,PY,Paraguay,South America,7044636,406752,38145288940,74.1,224120.4,55.1,4359150,27000,18,37.7,2.43,20.57,0.0481,7407,143.82,0.028,$1.04 ,1.044,0.346,17.2,129,$1.55 ,0.365,1.35,0.721,0.1,0.35,-23.442503,-58.443832,PYG,595,Asunci��,Ciudad del Este,Spanish,0.02
134,PE,Peru,South America,32510453,1285216,226848050820,76.5,237765.0,18.5,25390339,158000,26,57.7,2.25,17.95,0.0331,57414,129.78,0.021,$0.99 ,1.069,0.707,11.1,88,$1.28 ,0.309,1.27,0.776,0.143,0.368,-9.189967,-75.015152,PEN,51,Lima,Lima,Spanish,0.04
135,PH,Philippines,Asia,108116615,300000,376795508680,71.1,125100.0,41.7,50975903,153000,368,27.8,2.58,20.55,0.0215,122287,129.61,0.025,$0.86 ,1.075,0.355,22.5,121,$1.12 ,0.535,0.6,0.596,0.14,0.431,12.879721,121.774017,PHP,63,Manila,Manila,English,0.41
136,PL,Poland,Europe,37970874,312685,592164400688,77.6,146649.3,46.9,22796574,191000,124,30.9,1.46,10.2,0.0347,299037,114.11,0.022,$1.07 ,1,0.678,3.8,2,$2.93 ,0.232,2.38,0.567,0.174,0.408,51.919438,19.145136,PLN,48,Warsaw,Warsaw,Polish,0.96
137,PT,Portugal,Europe,10269417,92212,237686075635,81.3,36423.7,39.5,6753579,52000,111,34.6,1.38,8.5,0.0633,48742,110.62,0.003,$1.54 ,1.062,0.639,3.1,8,$3.78 ,0.277,5.12,0.588,0.228,0.398,39.399872,-8.224454,EUR,351,Lisbon,Lisbon,Portuguese,0.53
138,QA,Qatar,Asia,2832067,11586,183466208791,80.1,672.0,5.8,2809071,22000,248,0,1.87,9.54,0.0009,103259,115.38,-0.007,$0.40 ,1.038,0.179,5.8,9,,0.062,2.49,0.868,0.147,0.113,25.354826,51.183884,QAR,974,Doha,Doha,Arabic,8.91
139,,Republic of Ireland,Africa,5007069,70273,388698711348,82.3,45326.1,64.5,3133123,9000,72,11,1.75,12.5,0.0493,37711,106.58,0.009,$1.37 ,1.009,0.778,3.1,5,$10.79 ,0.152,3.31,0.621,0.183,0.261,53.41291,-8.24389,EUR,353,Dublin,Connacht,Irish,0.54
140,,Republic of the Congo,Europe,5380508,342000,10820591131,64.3,106362.0,31.1,3625010,12000,16,65.4,4.43,32.86,0.0947,3282,124.74,0.022,$0.97 ,1.066,0.127,36.2,378,$0.88 ,0.438,0.12,0.694,0.09,0.543,-0.228021,15.827659,XAF,242,Brazzaville,Brazzaville,French,0.01
141,RO,Romania,Europe,19356544,238391,250077444017,75.4,140173.9,58.8,10468793,126000,84,30.1,1.71,9.6,0.0398,69259,123.78,0.038,$1.16 ,0.852,0.494,6.1,19,$2.25 ,0.213,2.98,0.547,0.146,0.2,45.943161,24.96676,RON,40,Bucharest,Bucharest,Romanian,0.29
142,RU,Russia,Asia,144373535,17098240,1699876578871,72.7,2274065.9,13.3,107683889,1454000,9,49.8,1.57,11.5,0.0459,1732027,180.75,0.045,$0.59 ,1.026,0.819,6.1,17,$0.53 ,0.364,4.01,0.618,0.114,0.462,61.52401,105.318756,RUB,7,Moscow,Moscow,Russian,0.1
143,RW,Rwanda,Africa,12626950,26338,10122472590,68.7,19332.1,73.4,2186104,35000,525,19.7,4.04,31.7,0.0103,1115,151.09,0.034,$1.17 ,1.33,0.067,27,248,,0.26,0.13,0.837,0.143,0.332,-1.940278,29.873888,RWF,250,Kigali,Kigali,Swahili,0.04
144,KN,Saint Kitts and Nevis,North America,52823,261,1050992593,71.3,60.3,23.1,16269,,205,42.3,2.11,12.6,,238,104.57,-0.01,,1.087,0.867,9.8,,$3.33 ,0.566,2.52,,0.185,0.497,17.357822,-62.782998,XCD,1,Basseterre,Basseterre,English,0.91
145,LC,Saint Lucia,North America,182790,616,2122450630,76.1,107.2,17.4,34280,,301,33.2,1.44,12,0.2071,414,110.13,0.019,$1.30 ,1.026,0.141,14.9,117,,0.484,0.64,0.671,0.182,0.347,13.909444,-60.978893,XCD,1,Castries,Castries,English,0.67
146,VC,Saint Vincent and the Grenadines,North America,100455,389,825385185,72.4,99.6,25.6,58185,,284,69.2,1.89,14.24,0.1888,220,109.67,0.023,,1.134,0.237,14.8,68,$1.16 ,0.214,0.66,0.659,0.254,0.37,12.984305,-61.287228,XCD,1,Kingstown,Calliaqua,English,0.57
147,WS,Samoa,Oceania,202506,2831,850655017,73.2,351.0,12.4,35588,,70,60.4,3.88,24.38,0.0836,246,117.56,0.01,$0.91 ,1.105,0.076,13.6,43,$0.78 ,0.115,0.34,0.437,0.255,0.193,-13.759029,-172.104629,WST,685,Apia,Apia,Samoan,0.09
148,SM,San Marino,Europe,33860,61,1637931034,85.4,10.2,16.7,32969,,566,0,1.26,6.8,,,110.63,0.01,,1.081,0.425,1.7,,,0.183,6.11,,0.181,0.362,43.94236,12.457777,EUR,378,City of San Marino,City of San Marino,Italian,0
149,SA,Saudi Arabia,Asia,34268528,2149690,792966838162,75.0,1736949.5,80.8,28807838,252000,16,0.5,2.32,17.8,0.0593,563449,118.4,-0.012,$0.24 ,0.998,0.68,6,17,$3.85 ,0.15,2.61,0.559,0.089,0.157,23.885942,45.079162,SAR,966,Riyadh,Riyadh,Arabic,0.26
150,SN,Senegal,Africa,16296364,196722,23578084052,67.7,90688.8,46.1,7765706,19000,87,42.8,4.63,34.52,0.066,10902,109.25,0.018,$1.14 ,0.81,0.128,31.8,315,$0.31 ,0.442,0.07,0.457,0.163,0.448,14.497401,-14.452362,XOF,221,Dakar,Pikine,French,0.06
151,RS,Serbia,Europe,6944975,77474,51409167351,75.5,30447.3,39.3,3907243,32000,100,31.1,1.49,9.2,0.1269,45221,144,0.018,$1.16 ,1.003,0.672,4.8,12,$1.57 ,0.406,3.11,0.549,0.186,0.366,44.016521,21.005859,RSD,381,Belgrade,Belgrade,Serbian,0.58
152,SC,Seychelles,Africa,97625,455,1698843063,72.8,15.5,3.4,55762,0,214,88.4,2.41,17.1,,605,129.96,0.018,,1.004,0.171,12.4,53,$2.00 ,0.025,0.95,,0.341,0.301,-4.679574,55.491977,SCR,248,"Victoria, Seychelles","Victoria, Seychelles",French,1.33
153,SL,Sierra Leone,Africa,7813215,71740,3941474311,54.3,39241.8,54.7,3319366,9000,111,43.1,4.26,33.41,0.0443,1093,234.16,0.148,$1.08 ,1.128,0.02,78.5,1120,$0.57 ,0.382,0.03,0.579,0.086,0.307,8.460555,-11.779889,SLL,232,Freetown,Freetown,English,0.02
154,SG,Singapore,Asia,5703569,716,372062527489,83.1,6.4,0.9,5703569,81000,8358,23.1,1.14,8.8,0.0411,37535,114.41,0.006,$1.25 ,1.006,0.848,2.3,8,,0.367,2.29,0.705,0.131,0.21,1.352083,103.819836,SGD,65,,,Malay,52.42
155,SK,Slovakia,Europe,5454073,49035,105422304976,77.2,19221.7,39.2,2930419,16000,114,40.4,1.52,10.6,0.0556,32424,115.34,0.027,$1.32 ,0.987,0.466,4.6,5,$3.11 ,0.184,3.42,0.595,0.187,0.497,48.669026,19.699024,EUR,421,Bratislava,Bratislava,Slovak,0.66
156,SI,Slovenia,Europe,2087946,20273,53742159517,81.0,6223.8,30.7,1144654,7000,103,62,1.6,9.4,0.042,12633,111.05,0.016,$1.32 ,1.004,0.786,1.7,7,$5.25 ,0.125,3.09,0.584,0.186,0.31,46.151241,14.995463,EUR,386,Ljubljana,Ljubljana,Slovene language,0.62
157,SB,Solomon Islands,Oceania,669823,28896,1425074226,72.8,1126.9,3.9,162164,,25,77.9,4.4,32.44,0.0058,169,133.06,0.016,,1.062,,17.1,104,$0.40 ,0.033,0.19,0.838,0.295,0.32,-9.64571,160.156194,SBD,677,Honiara,Honiara,English,0.01
158,SO,Somalia,Africa,15442905,637657,4720727278,57.1,448272.9,70.3,7034861,20000,25,10,6.07,41.75,0.1135,645,,,$1.41 ,0.234,0.025,76.6,829,,,0.02,0.474,0,,5.152149,46.199616,SOS,252,Mogadishu,Bosaso,Arabic,0
159,ZA,South Africa,Africa,58558270,1219090,351431649241,63.9,972833.8,79.8,39149717,80000,49,7.6,2.41,20.51,0.2818,476644,158.93,0.041,$0.92 ,1.009,0.224,28.5,119,,0.077,0.91,0.56,0.275,0.292,-30.559482,22.937506,ZAR,27,Pretoria,Johannesburg,Afrikaans,0.39
160,KR,South Korea,Asia,51709098,99720,2029000000000,82.6,17351.3,17.4,42106719,634000,527,63.4,0.98,6.4,0.0415,620302,115.16,0.004,$1.22 ,0.981,0.943,2.7,11,$6.49 ,0.368,2.36,0.63,0.156,0.332,35.907757,127.766922,KRW,82,Seoul,Seoul,Korean,6.22
161,SS,South Sudan,Africa,11062113,644329,11997800751,57.6,0.0,0,2201250,185000,18,0,4.7,35.01,0.1224,1727,4583.71,1.879,$0.28 ,0.73,,63.7,1150,,0.613,,0.724,,0.314,6.876992,31.306979,SSP,211,Juba,Juba,English,0
162,ES,Spain,Europe,47076781,505370,1394116310769,83.3,265824.6,52.6,37927409,196000,94,36.9,1.26,7.9,0.1396,244002,110.96,0.007,$1.26 ,1.027,0.889,2.5,4,$5.60 ,0.242,3.87,0.575,0.142,0.47,40.463667,-3.74922,EUR,34,Madrid,Madrid,Spanish,0.48
163,LK,Sri Lanka,Asia,21803000,65610,84008783756,76.8,28671.6,43.7,4052088,317000,341,32.9,2.2,15.83,0.042,23362,155.53,0.035,$0.88 ,1.002,0.196,6.4,36,$0.35 ,0.384,1,0.539,0.119,0.552,7.873054,80.771797,LKR,94,Colombo,Colombo,Tamil,0.36
164,SD,Sudan,Africa,42813238,1861484,18902284476,65.1,534245.9,28.7,14957233,124000,25,8.1,4.41,32.18,0.1653,20000,1344.19,0.51,$0.95 ,0.768,0.169,42.1,295,$0.41 ,0.632,0.26,0.484,0.08,0.454,12.862807,30.217636,SDG,249,Khartoum,Omdurman,Arabic,0.01
165,SR,Suriname,South America,581372,163820,3985250737,71.6,982.9,0.6,384258,2000,4,98.3,2.42,18.54,0.0733,1738,294.66,0.22,$1.29 ,1.088,0.126,16.9,120,,0.101,1.21,0.511,0.195,0.279,3.919305,-56.027783,SRD,597,Paramaribo,Paramaribo,Dutch,0.01
166,SE,Sweden,Europe,10285453,450295,530832908738,82.5,33321.8,7.4,9021165,30000,25,68.9,1.76,11.4,0.0648,43252,110.51,0.018,$1.42 ,1.266,0.67,2.2,4,,0.152,3.98,0.646,0.279,0.491,60.128161,18.643501,SEK,46,Stockholm,S�����,Swedish,0.1
167,CH,Switzerland,Europe,8574832,41277,703082435360,83.6,15850.4,38.4,6332428,21000,219,31.8,1.52,10,0.0458,34477,99.55,0.004,$1.45 ,1.052,0.596,3.7,5,,0.283,4.3,0.683,0.101,0.288,46.818188,8.227512,CHF,41,Bern,Z���,German,0.84
168,SY,Syria,Asia,17070135,185180,40405006007,71.8,140366.4,75.8,9358019,239000,95,2.7,2.81,23.69,0.0837,28830,143.2,0.367,$0.83 ,0.817,0.401,14,31,$1.02 ,0.537,1.22,0.441,0.142,0.427,34.802075,38.996815,SYP,963,Damascus,Damascus,Arabic,0.16
169,TJ,Tajikistan,Asia,9321018,144100,8116626794,70.9,49138.1,34.1,2545477,17000,68,3,3.59,30.76,0.1102,5310,148.57,0.06,$0.71 ,1.009,0.313,30.4,17,$0.23 ,0.631,1.7,0.42,0.098,0.673,38.861034,71.276093,TJS,992,Dushanbe,Dushanbe,Persian,0.04
170,TZ,Tanzania,Africa,58005463,947300,63177068175,65.0,424390.4,44.8,20011885,28000,67,51.6,4.89,36.7,0.0198,11973,187.43,0.035,$0.87 ,0.942,0.04,37.6,524,$0.09 ,0.261,0.01,0.834,0.115,0.438,-6.369028,34.888822,TZS,255,Dodoma,Dar es Salaam,Swahili,0.01
171,TH,Thailand,Asia,69625582,513120,543649976166,76.9,222181.0,43.3,35294600,455000,137,32.2,1.53,10.34,0.0075,283763,113.27,0.007,$0.71 ,0.998,0.493,7.8,37,$1.06 ,0.118,0.81,0.673,0.149,0.295,15.870032,100.992541,THB,66,Bangkok,Bangkok,Thai,0.55
172,BS,The Bahamas,North America,389482,13880,12827000000,73.8,194.3,1.4,323784,1000,39,51.4,1.75,13.97,0.1036,1786,116.22,0.025,$0.92 ,0.814,0.151,8.3,70,$5.25 ,0.278,1.94,0.746,0.148,0.338,25.03428,-77.39628,,1,"Nassau, Bahamas","Nassau, Bahamas",English,0.13
173,GM,The Gambia,Africa,2347706,11300,1763819048,61.7,6757.4,59.8,1453958,1000,239,48.4,5.22,38.54,0.0906,532,172.73,0.071,$1.18 ,0.98,0.027,39,597,$0.13 ,0.203,0.1,0.594,0.094,0.484,13.443182,-15.310139,GMD,220,Banjul,Serekunda,English,0.05
174,TG,Togo,Africa,8082366,56785,5459979417,60.8,39863.1,70.2,3414638,10000,152,3.1,4.32,33.11,0.0204,3000,113.3,0.007,$0.71 ,1.238,0.145,47.4,396,$0.34 ,0.51,0.08,0.776,0.169,0.482,8.619543,0.824782,XOF,228,Lom�,Lom�,French,0.05
175,TO,Tonga,Oceania,100209,747,450353314,70.8,342.1,45.8,24145,,147,12.5,3.56,24.3,0.0112,128,121.09,0.074,,1.163,0.064,13.4,52,,0.102,0.52,0.598,0.223,0.275,-21.178986,-175.198242,TOP,676,Nuku����,Nuku����,Tongan Language,0.17
176,TT,Trinidad and Tobago,North America,1394973,5128,24100202834,73.4,538.4,10.5,741944,4000,273,46,1.73,12.94,0.0269,43868,141.75,0.01,$0.54 ,1.062,0.12,16.4,67,$2.25 ,0.373,4.17,0.6,0.195,0.405,10.691803,-61.222503,TTD,1,Port of Spain,Chaguanas,English,8.55
177,TN,Tunisia,Africa,11694719,163610,38797709924,76.5,106019.3,64.8,8099061,48000,76,6.8,2.2,17.56,0.1602,29937,155.33,0.067,$0.73 ,1.154,0.317,14.6,43,$0.47 ,0.398,1.3,0.461,0.211,0.607,33.886917,9.537499,TND,216,Tunis,Tunis,Arabic,0.18
178,TR,Turkey,Europe,83429615,783562,754411708203,77.4,390213.9,49.8,63097818,512000,110,15.4,2.07,16.03,0.1349,372725,234.44,0.152,$1.42 ,0.932,0.239,9.1,17,$3.45 ,0.169,1.85,0.528,0.179,0.423,38.963745,35.243322,TRY,90,Ankara,Istanbul,Turkish,0.48
179,TM,Turkmenistan,Asia,5942089,488100,40761142857,68.1,351432.0,72,3092738,42000,13,8.8,2.79,23.83,0.0391,70630,,,$0.29 ,0.884,0.08,39.3,7,$0.88 ,0.711,2.22,0.645,,,38.969719,59.556278,TMT,993,Ashgabat,Ashgabat,Turkmen,0.14
180,TV,Tuvalu,Oceania,11646,26,47271463,68.0,15.6,60,7362,,393,33.3,,,,11,,,,0.86,,20.6,,,0.007,0.92,,,,-7.109535,177.64933,AUD,688,Funafuti,Singapore,Tuvaluan Language,0.42
181,UG,Uganda,Africa,44269594,241038,34387229486,63.0,173306.3,71.9,10784516,46000,229,9.7,4.96,38.14,0.0184,5680,173.87,0.029,$0.94 ,1.027,0.048,33.8,375,$0.01 ,0.405,0.17,0.703,0.117,0.337,1.373333,32.290275,UGX,256,Kampala,Buganda,Swahili,0.02
182,UA,Ukraine,Europe,44385155,603550,153781069118,71.6,432745.4,71.7,30835699,297000,75,16.7,1.3,8.7,0.0888,202250,281.66,0.079,$0.83 ,0.99,0.827,7.5,19,$0.84 ,0.478,2.99,0.542,0.201,0.452,48.379433,31.16558,UAH,380,Kyiv,Kyiv,Ukrainian,0.34
183,AE,United Arab Emirates,Asia,9770529,83600,421142267938,77.8,4598.0,5.5,8479744,63000,118,4.6,1.41,10.33,0.0235,206324,114.52,-0.019,$0.49 ,1.084,0.368,6.5,3,,0.178,2.53,0.821,0.001,0.159,23.424076,53.847818,AED,971,Abu Dhabi,Dubai,Arabic,2.47
184,GB,United Kingdom,Europe,66834405,243610,2827113184696,81.3,174668.4,71.7,55908316,148000,281,13.1,1.68,11,0.0385,379025,119.62,0.017,$1.46 ,1.012,0.6,3.6,7,$10.13 ,0.148,2.81,0.628,0.255,0.306,55.378051,-3.435973,GBP,44,London,London,English,1.56
185,US,United States,North America,328239523,9833517,21427700000000,78.5,4366081.5,44.4,270663028,1359000,36,33.9,1.73,11.6,0.147,5006302,117.24,0.075,$0.71 ,1.018,0.882,5.6,19,$7.25 ,0.111,2.61,0.62,0.096,0.366,37.09024,-95.712891,USD,1,"Washington, D.C.",New York City,None,0.51
186,UY,Uruguay,South America,3461734,176215,56045912952,77.8,145553.6,82.6,3303394,22000,20,10.7,1.97,13.86,0.0873,6766,202.92,0.079,$1.50 ,1.085,0.631,6.4,17,$1.66 ,0.162,5.05,0.64,0.201,0.418,-32.522779,-55.765835,UYU,598,Montevideo,Montevideo,Spanish,0.04
187,UZ,Uzbekistan,Asia,33580650,447400,57921286440,71.6,281414.6,62.9,16935729,68000,79,7.5,2.42,23.3,0.0592,91811,,,$1.03 ,1.042,0.101,19.1,29,$0.24 ,0.427,2.37,0.651,0.148,0.316,41.377491,64.585262,UZS,998,Tashkent,Tashkent,Uzbek,0.21
188,VU,Vanuatu,Oceania,299882,12189,917058851,70.3,1864.9,15.3,76152,,25,36.1,3.78,29.6,0.0439,147,117.13,0.028,$1.31 ,1.093,0.047,22.3,72,$1.56 ,0.089,0.17,0.699,0.178,0.085,-15.376706,166.959158,VUV,678,Port Vila,Port Vila,French,0.01
189,,Vatican City,Europe,836,1,1000,77.0,0.0,0,0,,2003,0,,,,,,,,,,,,,,,,,,41.902916,12.453389,EUR,379,Vatican City,,Italian,
190,VE,Venezuela,South America,28515829,912050,482359318768,72.1,223452.3,24.5,25162368,343000,32,52.7,2.27,17.88,0.088,164175,2740.27,2.549,$0.00 ,0.972,0.793,21.4,125,$0.01 ,0.458,1.92,0.597,,0.733,6.42375,-66.58973,VED,58,Caracas,Caracas,Spanish,0.18
191,VN,Vietnam,Asia,96462106,331210,261921244843,75.3,130165.5,39.3,35332140,522000,314,48.1,2.05,16.75,0.0201,192668,163.52,0.028,$0.80 ,1.106,0.285,16.5,43,$0.73 ,0.435,0.82,0.774,0.191,0.376,14.058324,108.277199,VND,84,Hanoi,Ho Chi Minh City,Vietnamese,0.58
192,YE,Yemen,Asia,29161922,527968,26914402224,66.1,235473.7,44.6,10869523,40000,56,1,3.79,30.45,0.1291,10609,157.58,0.081,$0.92 ,0.936,0.102,42.9,164,,0.81,0.31,0.38,,0.266,15.552727,48.516388,YER,967,Sanaa,Sanaa,Arabic,0.02
193,ZM,Zambia,Africa,17861030,752618,23064722446,63.5,241590.4,32.1,7871713,16000,25,65.2,4.63,36.19,0.1143,5141,212.31,0.092,$1.40 ,0.987,0.041,40.4,213,$0.24 ,0.275,1.19,0.746,0.162,0.156,-13.133897,27.849332,ZMW,260,Lusaka,Lusaka,English,0.01
194,ZW,Zimbabwe,Africa,14645468,390757,21440758800,61.2,163727.2,41.9,4717305,51000,38,35.5,3.62,30.68,0.0495,10983,105.51,0.009,$1.34 ,1.099,0.1,33.9,458,,0.258,0.21,0.831,0.207,0.316,-19.015438,29.154857,,263,Harare,Harare,Shona,0.03
